,_id,title,description,status,instance,createdAt,updatedAt,__v
0,660eace57b63830018a2adb4,https://goto.smartbtw.com/6s7Q,group: https://goto.smartbtw.com/6s7Q - instance: SEKDIN - created: 2024-04-04T20:36:35.400545,True,SEKDIN,2024-04-04 13:36:37.790,2024-04-04 13:36:37.790,0
1,660e6dc97b63830018a2adac,Kesemaptaan Putra 2023-2024,group: Kesemaptaan Putra 2023-2024 - instance: SEKDIN - created: 2024-04-04T16:07:20.748934,True,SEKDIN,2024-04-04 09:07:21.337,2024-04-04 09:07:21.337,0
2,660e6d8693225d0019b6fcac,Kesemaptaan Putri 2023-2024,group: Kesemaptaan Putri 2023-2024 - instance: SEKDIN - created: 2024-04-04T16:06:13.459848,True,SEKDIN,2024-04-04 09:06:14.084,2024-04-04 09:06:14.084,0
3,6604fe8d5048a0001a265f32,PTK 2024 PI,group: PTK 2024 PI - instance: SEKDIN - created: 2024-03-28T13:22:20.529428,True,SEKDIN,2024-03-28 05:22:21.378,2024-03-28 05:22:21.378,0
4,6604fe745048a0001a265f30,PTK 2024 PA,group: PTK 2024 PA - instance: SEKDIN - created: 2024-03-28T13:21:55.816846,True,SEKDIN,2024-03-28 05:21:56.721,2024-03-28 05:21:56.721,0
5,65dd2f64b11c530019f23fac,Fast Track Samapta Rembang,group: Fast Track Samapta Rembang - instance: SEKDIN - created: 2024-02-27T07:40:02.561202,True,SEKDIN,2024-02-27 00:40:04.213,2024-02-27 00:40:04.213,0
6,65d84323b9c2ce0019df55c2,Samapta SEKDIN 2023/2024,group: Samapta SEKDIN 2023/2024 - instance: SEKDIN - created: 2024-02-23T14:02:59.040354,True,SEKDIN,2024-02-23 07:02:59.462,2024-02-23 07:02:59.462,0
7,65c08f2adfc2a0001987c819,dow,group: dow - instance: SEKDIN - created: 2024-02-05T14:32:57.818372,True,SEKDIN,2024-02-05 07:32:58.648,2024-02-05 07:32:58.648,0
8,65940a1d9ecfb400190f1aee,Reg2Magelang - PI 2024,group: Reg2Magelang - PI 2024 - instance: SEKDIN - created: 2024-01-02T20:05:34.568524,True,SEKDIN,2024-01-02 13:05:33.709,2024-01-02 13:05:33.709,0
9,659409ff9ecfb400190f1aec,Reg2Magelang - PA 2024,group: Reg2Magelang - PA 2024 - instance: SEKDIN - created: 2024-01-02T20:05:04.270077,True,SEKDIN,2024-01-02 13:05:03.566,2024-01-02 13:05:03.566,0
10,6593dc4d4f3a4f0019d4d26b,TNI/POLRI PUTRI 2023/2024,group: TNI/POLRI PUTRI 2023/2024 - instance: POLRI - created: 2024-01-02T17:50:04.410508,True,POLRI,2024-01-02 09:50:05.599,2024-01-02 09:50:05.599,0
11,6593dc2d4f3a4f0019d4d269,TNI/POLRI PUTRA 2023/2024,group: TNI/POLRI PUTRA 2023/2024 - instance: POLRI - created: 2024-01-02T17:49:32.293715,True,POLRI,2024-01-02 09:49:33.460,2024-01-02 09:49:33.460,0
12,6593cd124f3a4f0019d4d267,PTK BINSUS PUTRI 2023/2024,group: PTK BINSUS PUTRI 2023/2024 - instance: SEKDIN - created: 2024-01-02T16:45:04.448341,True,SEKDIN,2024-01-02 08:45:06.211,2024-01-02 08:45:06.211,0
13,6593ccf64f3a4f0019d4d265,PTK BINSUS PUTRA 2023/2024,group: PTK BINSUS PUTRA 2023/2024 - instance: SEKDIN - created: 2024-01-02T16:44:36.931565,True,SEKDIN,2024-01-02 08:44:38.743,2024-01-02 08:44:38.743,0
14,6593ccddc8abc70019b52a93,PTK REGULER PUTRI 2023/2024,group: PTK REGULER PUTRI 2023/2024 - instance: SEKDIN - created: 2024-01-02T16:44:11.826529,True,SEKDIN,2024-01-02 08:44:13.556,2024-01-02 08:44:13.556,0
15,6593ccb7c8abc70019b52a91,PTK REGULER PUTRA 2023/2024,group: PTK REGULER PUTRA 2023/2024 - instance: SEKDIN - created: 2024-01-02T16:43:34.130289,True,SEKDIN,2024-01-02 08:43:35.918,2024-01-02 08:43:35.918,0
16,657014279f081b001a0540ed,SUKSES PTK B,group: SUKSES PTK B - instance: SEKDIN - created: 2023-12-06T13:26:16.534834,True,SEKDIN,2023-12-06 06:26:47.495,2023-12-06 06:26:47.495,0
17,657014149f081b001a0540eb,SUKSES PTK A,group: SUKSES PTK A - instance: SEKDIN - created: 2023-12-06T13:25:57.744885,True,SEKDIN,2023-12-06 06:26:28.695,2023-12-06 06:26:28.695,0
18,656ffb2004109f0019d9f0ee,test,group: test - instance: SEKDIN - created: 2023-12-06T11:40:00.697448,True,SEKDIN,2023-12-06 04:40:00.848,2023-12-06 04:40:00.848,0
19,6562d3ae8785190019b404a0,PTK2023 - GIANYAR - PI,group: PTK2023 - GIANYAR - PI - instance: SEKDIN - created: 2023-11-26T13:12:13.663627,True,SEKDIN,2023-11-26 05:12:14.930,2023-11-26 05:12:14.930,0
20,6562cfda3627d40019e1bf29,PTK2023 - GIANYAR - PA,group: PTK2023 - GIANYAR - PA - instance: SEKDIN - created: 2023-11-26T12:55:52.961961,True,SEKDIN,2023-11-26 04:55:54.553,2023-11-26 04:55:54.553,0
21,6558298df5feda0019750175,Kelas A Reguler Rembang,group: Kelas A Reguler Rembang - instance: SEKDIN - created: 2023-11-18T10:03:40.444161,True,SEKDIN,2023-11-18 03:03:41.694,2023-11-18 03:03:41.694,0
22,6555d7b6b72bbd0019323351,RegMagelang - PI 2024,group: RegMagelang - PI 2024 - instance: SEKDIN - created: 2023-11-16T15:49:59.294567,True,SEKDIN,2023-11-16 08:49:58.395,2023-11-16 08:49:58.395,0
23,6555d7a3e69937001925666d,RegMagelang - PA 2024,group: RegMagelang - PA 2024 - instance: SEKDIN - created: 2023-11-16T15:49:40.222454,True,SEKDIN,2023-11-16 08:49:39.366,2023-11-16 08:49:39.366,0
24,6555d78ae69937001925666b,BinsusMagelang - PI 2024,group: BinsusMagelang - PI 2024 - instance: SEKDIN - created: 2023-11-16T15:49:15.667628,True,SEKDIN,2023-11-16 08:49:14.818,2023-11-16 08:49:14.818,0
25,6555d6fab72bbd001932334d,BinsusMagelang - PA 2024,group: BinsusMagelang - PA 2024 - instance: SEKDIN - created: 2023-11-16T15:46:51.292202,True,SEKDIN,2023-11-16 08:46:50.517,2023-11-16 08:46:50.517,0
26,65547a8ac29d60001a45a1fb,SAMAPTA PUTRA 2023/2024 ,group: SAMAPTA PUTRA 2023/2024  - instance: SEKDIN - created: 2023-11-15T16:00:10.145224,True,SEKDIN,2023-11-15 08:00:10.429,2023-11-15 08:00:10.429,0
27,65547a69328ac00019ebf0fa,SAMAPTA PUTRI 2023/2024,group: SAMAPTA PUTRI 2023/2024 - instance: SEKDIN - created: 2023-11-15T15:59:37.390496,True,SEKDIN,2023-11-15 07:59:37.670,2023-11-15 07:59:37.670,0
28,6550770292e1020019347a5a,UKA KESAMAPTAAN PUTRI,group: UKA KESAMAPTAAN PUTRI - instance: SEKDIN - created: 2023-11-12T14:56:01.980606,True,SEKDIN,2023-11-12 06:56:02.736,2023-11-12 06:56:02.736,0
29,654dcb9d47a70e0018588ee4,UKA KESAMAPTAAN ,group: UKA KESAMAPTAAN  - instance: SEKDIN - created: 2023-11-10T14:20:13.483687,True,SEKDIN,2023-11-10 06:20:13.921,2023-11-10 06:20:13.921,0
30,653337a0e7c1f20019bb71a8,PTK A,group: PTK A - instance: SEKDIN - created: 2023-10-21T09:29:50.654797,True,SEKDIN,2023-10-21 02:29:52.845,2023-10-21 02:29:52.845,0
31,6503193f19c4c100180d1c3d,PEJUANG IPDN,group: PEJUANG IPDN - instance: SEKDIN - created: 2023-09-14T21:31:27.305447,True,SEKDIN,2023-09-14 14:31:27.663,2023-09-14 14:31:27.663,0
32,650010549af24e00189ead38,Kelas PTK B GIANYAR 2024,group: Kelas PTK B GIANYAR 2024 - instance: SEKDIN - created: 2023-09-12T15:16:35.726588,True,SEKDIN,2023-09-12 07:16:36.149,2023-09-12 07:16:36.149,0
33,65000e589af24e00189ead35,Kelas PTK A GIANYAR 2024,group: Kelas PTK A GIANYAR 2024 - instance: SEKDIN - created: 2023-09-12T15:08:08.393592,True,SEKDIN,2023-09-12 07:08:08.992,2023-09-12 07:08:08.992,0
34,64eada7fef8a82001964a2cb,TO Sadu Gianyar,group: TO Sadu Gianyar - instance: POLRI - created: 2023-08-27T13:09:18.285559,True,POLRI,2023-08-27 05:09:19.195,2023-08-27 05:09:19.195,0
35,64b0c7cc454adc0019fe959e,Smapta 14 juli,group: Smapta 14 juli - instance: SEKDIN - created: 2023-07-14T11:58:03.585222,True,SEKDIN,2023-07-14 03:58:04.095,2023-07-14 03:58:04.095,0
36,64a40eeb9ea7420019ad2f7b,BINSUS2023-TANJUNGSELOR-PI,group: BINSUS2023-TANJUNGSELOR-PI - instance: SEKDIN - created: 2023-07-04T20:22:02.654645,True,SEKDIN,2023-07-04 12:22:03.006,2023-07-04 12:22:03.006,0
37,64a402b69ea7420019ad2f78,BINSUS2023-TANJUNGSELOR-PA,group: BINSUS2023-TANJUNGSELOR-PA - instance: SEKDIN - created: 2023-07-04T19:29:58.324021,True,SEKDIN,2023-07-04 11:29:58.633,2023-07-04 11:29:58.633,0
38,649f6b70838e2e00199d1693,POLTEKIP 2023,group: POLTEKIP 2023 - instance: TNI - created: 2023-07-01T06:55:28.368223,True,TNI,2023-06-30 23:55:28.947,2023-06-30 23:55:28.947,0
39,6495a42160a6d10019a2f8ed,gg,group: gg - instance: SEKDIN - created: 2023-06-23T20:54:40.684075,True,SEKDIN,2023-06-23 13:54:41.120,2023-06-23 13:54:41.120,0
40,648443d01861ce00188360af,Limboto Bimbel,group: Limboto Bimbel - instance: SEKDIN - created: 2023-06-10T17:35:11.751767,True,SEKDIN,2023-06-10 09:35:12.559,2023-06-10 09:35:12.559,0
41,64599bf6dbd29d00191af6ed,PROGRAM LANJUTAN,group: PROGRAM LANJUTAN - instance: SEKDIN - created: 2023-05-09T08:03:49.617405,True,SEKDIN,2023-05-09 01:03:50.205,2023-05-09 01:03:50.205,0
42,644536647dc7170019d3648c,SAMAPTA KEDINASAN ,group: SAMAPTA KEDINASAN  - instance: SEKDIN - created: 2023-04-23T20:45:54.865377,True,SEKDIN,2023-04-23 13:45:08.093,2023-04-23 13:45:08.093,0
43,6438df4fc91230001af458eb,btw pemenang,group: btw pemenang - instance: SEKDIN - created: 2023-04-14T13:06:23.382119,True,SEKDIN,2023-04-14 05:06:23.654,2023-04-14 05:06:23.654,0
44,6425818c17012600193cf0a2,BINSUS-SURAKARTA-PI,group: BINSUS-SURAKARTA-PI - instance: SEKDIN - created: 2023-03-30T19:33:15.409181,True,SEKDIN,2023-03-30 12:33:16.676,2023-03-30 12:33:16.676,0
45,642580fd876de400198bdcaf,BINSUS-SURAKARTA-PA,group: BINSUS-SURAKARTA-PA - instance: SEKDIN - created: 2023-03-30T19:30:51.946027,True,SEKDIN,2023-03-30 12:30:53.116,2023-03-30 12:30:53.116,0
46,6415329c5581700018104337,GENSES ABC- Mengwi- 2023 ,group: GENSES ABC- Mengwi- 2023  - instance: SEKDIN - created: 2023-03-18T11:40:12.340353,True,SEKDIN,2023-03-18 03:40:12.658,2023-03-18 03:40:12.658,0
47,640bee495d80250018246070,BINSUS2023 - MAGELANG - PI,group: BINSUS2023 - MAGELANG - PI - instance: SEKDIN - created: 2023-03-11T09:58:17.350140,True,SEKDIN,2023-03-11 02:58:17.657,2023-03-11 02:58:17.657,0
48,640bee305d8025001824606e,BINSUS2023 - MAGELANG - PA,group: BINSUS2023 - MAGELANG - PA - instance: SEKDIN - created: 2023-03-11T09:57:52.107707,True,SEKDIN,2023-03-11 02:57:52.472,2023-03-11 02:57:52.472,0
49,640b1f065d80250018246068,Cabang Tangerang Putri,group: Cabang Tangerang Putri - instance: SEKDIN - created: 2023-03-10T19:15:46.670877,True,SEKDIN,2023-03-10 12:13:58.463,2023-03-10 12:13:58.463,0
50,640b1eef57e2a30019a8d260,Cabang Tangerang Putra,group: Cabang Tangerang Putra - instance: SEKDIN - created: 2023-03-10T19:15:24.059587,True,SEKDIN,2023-03-10 12:13:35.879,2023-03-10 12:13:35.879,0
51,640b004457e2a30019a8d259,BINSUS2023-SGR-PI,group: BINSUS2023-SGR-PI - instance: SEKDIN - created: 2023-03-10T18:02:42.926727,True,SEKDIN,2023-03-10 10:02:44.248,2023-03-10 10:02:44.248,0
52,640b000c5d8025001824605a,BINSUS2023-SGR-PA,group: BINSUS2023-SGR-PA - instance: SEKDIN - created: 2023-03-10T18:01:47.302128,True,SEKDIN,2023-03-10 10:01:48.609,2023-03-10 10:01:48.609,0
53,640afbca5d80250018246058,awa bila,group: awa bila - instance: SEKDIN - created: 2023-03-10T16:43:37.803243,True,SEKDIN,2023-03-10 09:43:38.357,2023-03-10 09:43:38.357,0
54,64081f985d80250018245f70,m,group: m - instance: SEKDIN - created: 2023-03-08T12:39:36.224235,True,SEKDIN,2023-03-08 05:39:36.939,2023-03-08 05:39:36.939,0
55,6407fff355817000181041d8,Binsus Rembang 2023_Pi,group: Binsus Rembang 2023_Pi - instance: SEKDIN - created: 2023-03-08T10:24:33.743739,True,SEKDIN,2023-03-08 03:24:35.741,2023-03-08 03:24:35.741,0
56,6407ffc35d80250018245f6a,Binsus Rembang 2023_Pa,group: Binsus Rembang 2023_Pa - instance: SEKDIN - created: 2023-03-08T10:23:45.219788,True,SEKDIN,2023-03-08 03:23:47.273,2023-03-08 03:23:47.273,0
57,6407c7bd5d80250018245f53,BINSUS 2023_Lampung_PI,group: BINSUS 2023_Lampung_PI - instance: SEKDIN - created: 2023-03-08T06:24:44.902797,True,SEKDIN,2023-03-07 23:24:45.380,2023-03-07 23:24:45.380,0
58,6407c79a5d80250018245f51,BINSUS 2023_Lampung_PA,group: BINSUS 2023_Lampung_PA - instance: SEKDIN - created: 2023-03-08T06:24:10.293094,True,SEKDIN,2023-03-07 23:24:10.974,2023-03-07 23:24:10.974,0
59,6406f94855817000181041c1,BINSUS2023/MALANG/PI,group: BINSUS2023/MALANG/PI - instance: SEKDIN - created: 2023-03-07T15:43:52.336515,True,SEKDIN,2023-03-07 08:43:52.612,2023-03-07 08:43:52.612,0
60,6406f92f57e2a30019a8d15f,BINSUS2023/MALANG/PA,group: BINSUS2023/MALANG/PA - instance: SEKDIN - created: 2023-03-07T15:43:27.485578,True,SEKDIN,2023-03-07 08:43:27.732,2023-03-07 08:43:27.732,0
61,6405b9135d80250018245f49,BINSUS-NEGARA-PA,group: BINSUS-NEGARA-PA - instance: SEKDIN - created: 2023-03-06T17:57:37.264385,True,SEKDIN,2023-03-06 09:57:39.436,2023-03-06 09:57:39.436,0
62,6405b8e25d80250018245f47,BINSUS-NEGARA-PI,group: BINSUS-NEGARA-PI - instance: SEKDIN - created: 2023-03-06T17:56:48.363439,True,SEKDIN,2023-03-06 09:56:50.585,2023-03-06 09:56:50.585,0
63,640275e057e2a30019a8d0be,GENSUS2023-BEKASI-PI,group: GENSUS2023-BEKASI-PI - instance: SEKDIN - created: 2023-03-04T05:34:08.537516,True,SEKDIN,2023-03-03 22:34:08.939,2023-03-03 22:34:08.939,0
64,640275b35581700018104124,GENSUS2023-BEKASI-PA,group: GENSUS2023-BEKASI-PA - instance: SEKDIN - created: 2023-03-04T05:33:22.876263,True,SEKDIN,2023-03-03 22:33:23.227,2023-03-03 22:33:23.227,0
65,6401b41257e2a30019a8d0a3,BINSUS2023 - AMLAPURA - PI,group: BINSUS2023 - AMLAPURA - PI - instance: SEKDIN - created: 2023-03-03T16:47:12.168674,True,SEKDIN,2023-03-03 08:47:14.130,2023-03-03 08:47:14.130,0
66,6401b40d5581700018104110,BINSUS2023 - GIANYAR - PI,group: BINSUS2023 - GIANYAR - PI - instance: SEKDIN - created: 2023-03-03T16:47:08.262306,True,SEKDIN,2023-03-03 08:47:09.072,2023-03-03 08:47:09.072,0
67,6401b3f15d80250018245e99,BINSUS2023 - GIANYAR - PA,group: BINSUS2023 - GIANYAR - PA - instance: SEKDIN - created: 2023-03-03T16:46:41.036333,True,SEKDIN,2023-03-03 08:46:41.784,2023-03-03 08:46:41.784,0
68,6401b3f157e2a30019a8d0a1,BINSUS2023 - AMLAPURA - PA,group: BINSUS2023 - AMLAPURA - PA - instance: SEKDIN - created: 2023-03-03T16:46:39.320961,True,SEKDIN,2023-03-03 08:46:41.275,2023-03-03 08:46:41.275,0
69,6401b38c558170001810410d,bks,group: bks - instance: SEKDIN - created: 2023-03-03T15:45:00.410046,True,SEKDIN,2023-03-03 08:45:00.283,2023-03-03 08:45:00.283,0
70,6401af525d80250018245e8d,BINSUS-Mengwi/Perempuan 2023,group: BINSUS-Mengwi/Perempuan 2023 - instance: SEKDIN - created: 2023-03-03T16:26:58.675964,True,SEKDIN,2023-03-03 08:26:58.925,2023-03-03 08:26:58.925,0
71,6401af305d80250018245e8b,BINSUS-Mengwi/Laki-laki 2023 ,group: BINSUS-Mengwi/Laki-laki 2023  - instance: SEKDIN - created: 2023-03-03T16:26:24.254795,True,SEKDIN,2023-03-03 08:26:24.593,2023-03-03 08:26:24.593,0
72,63fc98f75d80250018245e62,Kelas Generasi Sukses & Intensif,group: Kelas Generasi Sukses & Intensif - instance: SEKDIN - created: 2023-02-27T19:50:14.416787,True,SEKDIN,2023-02-27 11:50:15.118,2023-02-27 11:50:15.118,0
73,63f9e81457e2a30019a8cf65,Pembinaan,group: Pembinaan - instance: TNI - created: 2023-02-25T18:50:54.184286,True,TNI,2023-02-25 10:51:00.177,2023-02-25 10:51:00.177,0
74,63f956615581700018103f37,SAMAPTA BTW CAB METRO,group: SAMAPTA BTW CAB METRO - instance: SEKDIN - created: 2023-02-25T07:29:20.409711,True,SEKDIN,2023-02-25 00:29:21.598,2023-02-25 00:29:21.598,0
75,63f81def5581700018103eb3,Cabang Tangerang,group: Cabang Tangerang - instance: SEKDIN - created: 2023-02-24T09:17:52.245388,True,SEKDIN,2023-02-24 02:16:15.121,2023-02-24 02:16:15.121,0
76,63f702a85d80250018245bf2,cabang tigaraksa ,group: cabang tigaraksa  - instance: SEKDIN - created: 2023-02-23T13:07:35.329235,True,SEKDIN,2023-02-23 06:07:36.153,2023-02-23 06:07:36.153,0
77,63f489dd5581700018103e22,Grup Samapta ,group: Grup Samapta  - instance: SEKDIN - created: 2023-02-21T16:07:39.920838,True,SEKDIN,2023-02-21 09:07:41.942,2023-02-21 09:07:41.942,0
78,63f4797b57e2a30019a8cd7c,santa,group: santa - instance: SEKDIN - created: 2023-02-21T15:57:47.077431,True,SEKDIN,2023-02-21 07:57:47.771,2023-02-21 07:57:47.771,0
79,63f4796d5581700018103deb,Vina ,group: Vina  - instance: SEKDIN - created: 2023-02-21T15:57:31.548107,True,SEKDIN,2023-02-21 07:57:33.273,2023-02-21 07:57:33.273,0
80,63f3646a5d80250018245b1a,Binsus B Putri,group: Binsus B Putri - instance: SEKDIN - created: 2023-02-20T20:15:38.277963,True,SEKDIN,2023-02-20 12:15:38.630,2023-02-20 12:15:38.630,0
81,63f364605d80250018245b18,Binsus B Putra,group: Binsus B Putra - instance: SEKDIN - created: 2023-02-20T20:15:27.662502,True,SEKDIN,2023-02-20 12:15:28.130,2023-02-20 12:15:28.130,0
82,63f3645157e2a30019a8cd27,Binsus A Putri,group: Binsus A Putri - instance: SEKDIN - created: 2023-02-20T20:15:13.564785,True,SEKDIN,2023-02-20 12:15:13.929,2023-02-20 12:15:13.929,0
83,63f3644357e2a30019a8cd25,Binsus A Putra,group: Binsus A Putra - instance: SEKDIN - created: 2023-02-20T20:14:58.750446,True,SEKDIN,2023-02-20 12:14:59.209,2023-02-20 12:14:59.209,0
84,63f09d0657e2a30019a8cc61,Binsus Tigaraksa,group: Binsus Tigaraksa - instance: SEKDIN - created: 2023-02-18T17:40:21.672626,True,SEKDIN,2023-02-18 09:40:22.001,2023-02-18 09:40:22.001,0
85,63eb81cf5581700018103c51,Generasi Sukses 2023 Tegal C,group: Generasi Sukses 2023 Tegal C - instance: SEKDIN - created: 2023-02-14T19:42:53.313640,True,SEKDIN,2023-02-14 12:42:55.578,2023-02-14 12:42:55.578,0
86,63eb8185273cf90019645295,Generasi Sukses 2023 Tegal B,group: Generasi Sukses 2023 Tegal B - instance: SEKDIN - created: 2023-02-14T19:41:39.243591,True,SEKDIN,2023-02-14 12:41:41.186,2023-02-14 12:41:41.186,0
87,63eb80b6273cf90019645293,Generasi Sukses 2023 Tegal A,group: Generasi Sukses 2023 Tegal A - instance: SEKDIN - created: 2023-02-14T19:38:12.212930,True,SEKDIN,2023-02-14 12:38:14.257,2023-02-14 12:38:14.257,0
88,63eb801e273cf90019645291,Binsus Surakarta,group: Binsus Surakarta - instance: SEKDIN - created: 2023-02-14T19:35:40.629243,True,SEKDIN,2023-02-14 12:35:42.391,2023-02-14 12:35:42.391,0
89,63eb7eaf273cf9001964528f,Reguler Surakarta A,group: Reguler Surakarta A - instance: SEKDIN - created: 2023-02-14T19:29:34.860937,True,SEKDIN,2023-02-14 12:29:35.962,2023-02-14 12:29:35.962,0
90,63eb6b25273cf90019645282,BINSUS MAGELANG 2023,group: BINSUS MAGELANG 2023 - instance: SEKDIN - created: 2023-02-14T18:06:13.306685,True,SEKDIN,2023-02-14 11:06:13.688,2023-02-14 11:06:13.688,0
91,63e9d457273cf90019645278,Binsus Malang 2023,group: Binsus Malang 2023 - instance: SEKDIN - created: 2023-02-13T13:10:30.386222,True,SEKDIN,2023-02-13 06:10:31.412,2023-02-13 06:10:31.412,0
92,63e9d1fc273cf90019645276,BINSUS 2023-MENGWI-B,group: BINSUS 2023-MENGWI-B - instance: SEKDIN - created: 2023-02-13T14:00:27.326413,True,SEKDIN,2023-02-13 06:00:28.513,2023-02-13 06:00:28.513,0
93,63e9d1db273cf90019645274,BINSUS 2023-MENGWI-A,group: BINSUS 2023-MENGWI-A - instance: SEKDIN - created: 2023-02-13T13:59:54.236076,True,SEKDIN,2023-02-13 05:59:55.191,2023-02-13 05:59:55.191,0
94,63e888c997c31000192ee687,BINSUS GIANYAR 2023,group: BINSUS GIANYAR 2023 - instance: SEKDIN - created: 2023-02-12T14:35:52.177892,True,SEKDIN,2023-02-12 06:35:53.173,2023-02-12 06:35:53.173,0
95,63e7845097c31000192ee658,Kelas Binsus B,group: Kelas Binsus B - instance: SEKDIN - created: 2023-02-11T20:04:31.544162,True,SEKDIN,2023-02-11 12:04:32.450,2023-02-11 12:04:32.450,0
96,63e78441b9ac7b001891c662,Kelas Binsus A,group: Kelas Binsus A - instance: SEKDIN - created: 2023-02-11T20:04:16.180578,True,SEKDIN,2023-02-11 12:04:17.259,2023-02-11 12:04:17.259,0
97,63e601f3fa404c0019922c31,BINSUS BULELENG 2023,group: BINSUS BULELENG 2023 - instance: SEKDIN - created: 2023-02-10T16:36:01.826,True,SEKDIN,2023-02-10 08:36:03.689,2023-02-10 08:36:03.689,0
98,63e4e3aab9ac7b001891c623,BTW PALU,group: BTW PALU - instance: SEKDIN - created: 2023-02-09T20:14:34.243489,True,SEKDIN,2023-02-09 12:14:34.745,2023-02-09 12:14:34.745,0
99,63e44e4f97c31000192ee612,s,group: s - instance: SEKDIN - created: 2023-02-09T08:37:18.059834,True,SEKDIN,2023-02-09 01:37:19.085,2023-02-09 01:37:19.085,0
100,63e351e897c31000192ee5f1,BINSUS 2023 - AMLAPURA - A,group: BINSUS 2023 - AMLAPURA - A - instance: SEKDIN - created: 2023-02-08T15:40:22.793640,True,SEKDIN,2023-02-08 07:40:24.912,2023-02-08 07:40:24.912,0
101,63dfa452194304001994d91b,BINSUS 2023-NEGARA-A,group: BINSUS 2023-NEGARA-A - instance: SEKDIN - created: 2023-02-05T20:42:55.640275,True,SEKDIN,2023-02-05 12:42:58.015,2023-02-05 12:42:58.015,0
102,63d26e8ca9c008001907ecd6,polri langsa,group: polri langsa - instance: POLRI - created: 2023-01-26T19:13:59.116732,True,POLRI,2023-01-26 12:14:04.010,2023-01-26 12:14:04.010,0
103,63ca893c343634001a1e5af9,Lari Pagi,group: Lari Pagi - instance: SEKDIN - created: 2023-01-20T19:29:46.034285,True,SEKDIN,2023-01-20 12:29:48.243,2023-01-20 12:29:48.243,0
104,63c660fbd8caae0019104117,Intensif 2023,group: Intensif 2023 - instance: SEKDIN - created: 2023-01-17T15:48:58.529823,True,SEKDIN,2023-01-17 08:48:59.813,2023-01-17 08:48:59.813,0
105,63c50b2d8360f6001a28fdfc,Kelas A ,group: Kelas A  - instance: SEKDIN - created: 2023-01-16T16:30:35.902677,True,SEKDIN,2023-01-16 08:30:37.584,2023-01-16 08:30:37.584,0
106,639d8d9620d2b00019aa1902,Generasi sukses MLG,group: Generasi sukses MLG - instance: SEKDIN - created: 2022-12-17T16:36:22.042912,True,SEKDIN,2022-12-17 09:36:22.631,2022-12-17 09:36:22.631,0
107,639d2472a7fbbf001bfa9d93,GenSes F,group: GenSes F - instance: SEKDIN - created: 2022-12-17T10:07:46.183651,True,SEKDIN,2022-12-17 02:07:46.924,2022-12-17 02:07:46.924,0
108,6391770f1f4c5700196078b6,BTW MENGWI C,group: BTW MENGWI C - instance: SEKDIN - created: 2022-12-08T13:33:02.699373,True,SEKDIN,2022-12-08 05:33:03.266,2022-12-08 05:33:03.266,0
109,639175b21f4c5700196078b3,BTW MENGWI B MENGWI,group: BTW MENGWI B MENGWI - instance: SEKDIN - created: 2022-12-08T13:27:14.055161,True,SEKDIN,2022-12-08 05:27:14.617,2022-12-08 05:27:14.617,0
110,637f53cf00bdf600184df5d2,PPI Madiun ,group: PPI Madiun  - instance: SEKDIN - created: 2022-11-24T18:21:50.827625,True,SEKDIN,2022-11-24 11:21:51.666,2022-11-24 11:21:51.666,0
111,637b22e16de9990019a7b386,BTW NEGARA 2022/2023,group: BTW NEGARA 2022/2023 - instance: SEKDIN - created: 2022-11-21T15:04:00.072743,True,SEKDIN,2022-11-21 07:04:01.232,2022-11-21 07:04:01.232,0
112,6370f0918841c20012d2ed7b,yuhu,group: yuhu - instance: SEKDIN - created: 2022-11-13T20:26:40.415906,True,SEKDIN,2022-11-13 13:26:41.863,2022-11-13 13:26:41.863,0
113,636644d28841c20012d2e834,kelas E,group: kelas E - instance: SEKDIN - created: 2022-11-05T19:11:13.855735,True,SEKDIN,2022-11-05 11:11:14.135,2022-11-05 11:11:14.135,0
114,6365c7588841c20012d2e7ac,Generasi Sukses 2022,group: Generasi Sukses 2022 - instance: SEKDIN - created: 2022-11-05T09:15:52.221195,True,SEKDIN,2022-11-05 02:15:52.565,2022-11-05 02:15:52.565,0
115,6364b5988841c20012d2e777,Generasi Sukses E,group: Generasi Sukses E - instance: SEKDIN - created: 2022-11-04T14:47:51.507463,True,SEKDIN,2022-11-04 06:47:52.495,2022-11-04 06:47:52.495,0
116,6364b5968841c20012d2e775,Generasi Sukses F,group: Generasi Sukses F - instance: SEKDIN - created: 2022-11-04T14:47:49.646251,True,SEKDIN,2022-11-04 06:47:50.622,2022-11-04 06:47:50.622,0
117,6353a0618841c20012d2e4b0,Generasi Sukses 2023,group: Generasi Sukses 2023 - instance: SEKDIN - created: 2022-10-22T14:48:48.917995,True,SEKDIN,2022-10-22 07:48:49.925,2022-10-22 07:48:49.925,0
118,634fc3938841c20012d2e468,Generasi Sukses E,group: Generasi Sukses E - instance: SEKDIN - created: 2022-10-19T17:29:53.238936,True,SEKDIN,2022-10-19 09:29:55.295,2022-10-19 09:29:55.295,0
119,634fc3738841c20012d2e466,Generasi  Sukses D,group: Generasi  Sukses D - instance: SEKDIN - created: 2022-10-19T17:29:21.909567,True,SEKDIN,2022-10-19 09:29:23.884,2022-10-19 09:29:23.884,0
120,634f99ef8841c20012d2e455,chukybang,group: chukybang - instance: TNI - created: 2022-10-19T14:32:14.104505,True,TNI,2022-10-19 06:32:15.664,2022-10-19 06:32:15.664,0
121,634a581e8841c20012d2e098,BTW MENGWI 2022/2023,group: BTW MENGWI 2022/2023 - instance: SEKDIN - created: 2022-10-15T14:50:05.915732,True,SEKDIN,2022-10-15 06:50:06.679,2022-10-15 06:50:06.679,0
122,6347dbd38841c20012d2e07d,abc,group: abc - instance: SEKDIN - created: 2022-10-13T16:35:15.052782,True,SEKDIN,2022-10-13 09:35:15.132,2022-10-13 09:35:15.132,0
123,6344d72d8841c20012d2e066,Berjuang menju TNI,group: Berjuang menju TNI - instance: TNI - created: 2022-10-11T09:38:37.351012,True,TNI,2022-10-11 02:38:37.997,2022-10-11 02:38:37.997,0
124,633f9bff8841c20012d2de69,GENERASI SUKSES 2022 SINGARAJA,group: GENERASI SUKSES 2022 - instance: SEKDIN - created: 2022-10-07T11:24:46.326449,True,SEKDIN,2022-10-07 03:24:47.932,2022-10-07 03:24:47.932,0
125,633d65bf8841c20012d2de37,GENERASI SUKSES 2023,group: GENERASI SUKSES 2023 - instance: SEKDIN - created: 2022-10-05T18:08:47.271676,True,SEKDIN,2022-10-05 11:08:47.677,2022-10-05 11:08:47.677,0
126,633b9e078841c20012d2de27,Kelas A Rembang,group: Kelas A Rembang - instance: SEKDIN - created: 2022-10-04T09:44:22.078751,True,SEKDIN,2022-10-04 02:44:23.906,2022-10-04 02:44:23.906,0
127,633a7bae8841c20012d2ddb3,Test,group: Test - instance: SEKDIN - created: 2022-10-03T14:05:33.958089,True,SEKDIN,2022-10-03 06:05:34.533,2022-10-03 06:05:34.533,0
128,6333f6988841c20012d2dc3d,Kelas A Rembang,group: Kelas A Rembang - instance: SEKDIN - created: 2022-09-28T14:24:06.861970,True,SEKDIN,2022-09-28 07:24:08.432,2022-09-28 07:24:08.432,0
129,632d601bbc52660012c1d50d,Ambis_Samapta,group: Ambis_Samapta - instance: SEKDIN - created: 2022-09-23T14:28:26.224928,True,SEKDIN,2022-09-23 07:28:27.065,2022-09-23 07:28:27.065,0
130,632c2effbc52660012c1d4b0,Polri Jaya Test,group: Polri Jaya Test - instance: POLRI - created: 2022-09-22T17:46:38.637348,True,POLRI,2022-09-22 09:46:39.946,2022-09-22 09:46:39.946,0
131,632c0332bc52660012c1d487,Sukses 2023,group: Sukses 2023 - instance: POLRI - created: 2022-09-22T14:39:44.797545,True,POLRI,2022-09-22 06:39:46.214,2022-09-22 06:39:46.214,0
132,632be57dbc52660012c1d47d,TNI Jaya 2,group: TNI Jaya 2 - instance: TNI - created: 2022-09-22T12:32:59.862929,True,TNI,2022-09-22 04:33:01.264,2022-09-22 04:33:01.264,0
133,632bddf0bc52660012c1d468,Grup Sekdin Test Ya,group: Grup Sekdin Test Ya - instance: SEKDIN - created: 2022-09-22T12:00:47.098454,True,SEKDIN,2022-09-22 04:00:48.439,2022-09-22 04:00:48.439,0
134,632b00fe44a8f2001abe3247,Generasi sukses D,group: Generasi sukses D - instance: SEKDIN - created: 2022-09-21T20:18:05.020679,True,SEKDIN,2022-09-21 12:18:06.787,2022-09-21 12:18:06.787,0
135,632ae8acbc52660012c1d43b,Samapta Kelas A,group: Samapta Kelas A - instance: SEKDIN - created: 2022-09-21T18:34:19.113935,True,SEKDIN,2022-09-21 10:34:20.958,2022-09-21 10:34:20.958,0
136,632ac90dbc52660012c1d434,Samapta Kelas C,group: Samapta Kelas C - instance: SEKDIN - created: 2022-09-21T16:19:25.084492,True,SEKDIN,2022-09-21 08:19:25.488,2022-09-21 08:19:25.488,0
137,632936aaf9418c0018549cc2,GO POLRI,group: GO POLRI - instance: POLRI - created: 2022-09-20T11:42:35.523816,True,POLRI,2022-09-20 03:42:34.938,2022-09-20 03:42:34.938,0
138,6322eea4f9418c0018549c52,Generasi Sukses D,group: Generasi Sukses D - instance: SEKDIN - created: 2022-09-15T17:21:38.476029,True,SEKDIN,2022-09-15 09:21:40.696,2022-09-15 09:21:40.696,0
139,6312c2c4362f8300196414c4,Polri GenerasiSukses,group: Polri GenerasiSukses - instance: POLRI - created: 2022-09-03T10:58:12.411316,True,POLRI,2022-09-03 02:58:12.579,2022-09-03 02:58:12.579,0
140,6312c26c362f8300196414c1,TNI Generasi Sukses,group: TNI Generasi Sukses - instance: TNI - created: 2022-09-03T10:56:44.702507,True,TNI,2022-09-03 02:56:44.870,2022-09-03 02:56:44.870,0
141,6312c142362f8300196414bd,Generasi Sukses C,group: Generasi Sukses C - instance: SEKDIN - created: 2022-09-03T10:51:45.952608,True,SEKDIN,2022-09-03 02:51:46.121,2022-09-03 02:51:46.121,0
142,6312c122362f8300196414bb,Generasi Sukses B GIANYAR,group: Generasi Sukses B - instance: SEKDIN - created: 2022-09-03T10:51:14.829488,True,SEKDIN,2022-09-03 02:51:14.892,2022-09-03 02:51:14.892,0
143,6312c06df9418c0018549b7e,Generasi Sukses A GIANYAR,group: Generasi Sukses A - instance: SEKDIN - created: 2022-09-03T10:48:13.752259,True,SEKDIN,2022-09-03 02:48:13.888,2022-09-03 02:48:13.888,0
144,62d64d3f091f32001a9d9674,UJIAN SAMAPTA 2022,group: ujian samapta 19juli - instance: SEKDIN - created: 2022-07-19T14:20:46.089898,True,SEKDIN,2022-07-19 06:20:47.227,2022-07-19 06:20:47.227,0
145,62d4cd6f3bfc4e001af3aca6,semapta,group: semapta - instance: SEKDIN - created: 2022-07-18T10:03:08.199219,True,SEKDIN,2022-07-18 03:03:11.553,2022-07-18 03:03:11.553,0
146,62c8e8f0c32d9f001ae386b8,SAMAPTA BINSUS MGL,group: SAMAPTA BINSUS MGL - instance: SEKDIN - created: 2022-07-09T09:33:19.416750,True,SEKDIN,2022-07-09 02:33:20.894,2022-07-09 02:33:20.894,0
147,62c79d31c32d9f001ae385a4,Binsus Semarang 2022,group: Binsus Semarang 2022 - instance: SEKDIN - created: 2022-07-08T09:57:50.743201,True,SEKDIN,2022-07-08 02:57:53.283,2022-07-08 02:57:53.283,0
148,62c6b07cc32d9f001ae384f6,BINSUS MENGWI 2022,group: BINSUS MENGWI 2022 - instance: SEKDIN - created: 2022-07-07T18:07:56.501718,False,SEKDIN,2022-07-07 10:07:56.768,2022-07-07 10:07:56.768,0
149,62c4074fc32d9f001ae38142,KELAS BINSUS PALU,group: KELAS BINSUS PALU - instance: SEKDIN - created: 2022-07-05T17:41:34.949573,True,SEKDIN,2022-07-05 09:41:35.716,2022-07-05 09:41:35.716,0
150,62c298739573de00194b5f6a,BINSUS 2022,group: BINSUS 2022 - instance: SEKDIN - created: 2022-07-04T14:36:17.932894,True,SEKDIN,2022-07-04 07:36:19.395,2022-07-04 07:36:19.395,0
151,62be9a99c32d9f001ae37362,KESAMAPTAAN 3T ,group: KESAMAPTAAN 3T  - instance: SEKDIN - created: 2022-07-01T13:56:24.782379,False,SEKDIN,2022-07-01 06:56:25.730,2022-07-01 06:56:25.730,0
152,62bbfaccc32d9f001ae3720d,3T,group: 3T - instance: SEKDIN - created: 2022-06-29T15:10:03.199099,True,SEKDIN,2022-06-29 07:10:04.638,2022-06-29 07:10:04.638,0
153,62bbf77c0c84c80019028141,KELAS BEASISWA 3T,group: KELAS BEASISWA 3T - instance: SEKDIN - created: 2022-06-29T14:55:55.715788,False,SEKDIN,2022-06-29 06:55:56.066,2022-06-29 06:55:56.066,0
154,62baf7a7c32d9f001ae371ac,Grup Lari Banged,group: Grup Lari Banged - instance: SEKDIN - created: 2022-06-28T20:44:22.443933,True,SEKDIN,2022-06-28 12:44:23.902,2022-06-28 12:44:23.902,0
155,62b9b08dc32d9f001ae37124,Binsus Gianyar 2022,group: Binsus Gianyar 2022 - instance: SEKDIN - created: 2022-06-27T21:28:45.338735,True,SEKDIN,2022-06-27 13:28:45.180,2022-06-27 13:28:45.180,0
156,62b942a0c32d9f001ae3705b,D - BINSUS SANUR ,group: D - BINSUS SANUR  - instance: SEKDIN - created: 2022-06-27T13:39:44.128386,True,SEKDIN,2022-06-27 05:39:44.638,2022-06-27 05:39:44.638,0
157,62b94251c32d9f001ae37057,Kelas C Binsus Sanur,group: Kelas C Binsus Sanur - instance: SEKDIN - created: 2022-06-27T13:38:23.546194,True,SEKDIN,2022-06-27 05:38:25.685,2022-06-27 05:38:25.685,0
158,62b81efdc32d9f001ae36f74,KELAS A BINSUS,group: KELAS A BINSUS - instance: SEKDIN - created: 2022-06-26T15:55:25.132636,False,SEKDIN,2022-06-26 08:55:25.907,2022-06-26 08:55:25.907,0
159,62b653a8c32d9f001ae36c80,TRYOUT BINSUS 2022,group: TRYOUT BINSUS 2022 - instance: SEKDIN - created: 2022-06-25T08:15:36.498370,False,SEKDIN,2022-06-25 00:15:36.832,2022-06-25 00:15:36.832,0
160,62b53ba5c32d9f001ae36c67,BINSUS 2022,group: BINSUS 2022 - instance: SEKDIN - created: 2022-06-24T12:20:51.897029,True,SEKDIN,2022-06-24 04:20:53.377,2022-06-24 04:20:53.377,0
161,62a27b1ec08bbc0019f1f04e,TankGirls,group: TankGirls - instance: SEKDIN - created: 2022-06-10T05:58:36.575408,True,SEKDIN,2022-06-09 22:58:38.459,2022-06-09 22:58:38.459,0
162,629af951ce99b40019ac79d7,Calon Taruna STTD,group: Calon Taruna STTD - instance: SEKDIN - created: 2022-06-04T14:19:05.114138,True,SEKDIN,2022-06-04 06:18:57.063,2022-06-04 06:18:57.063,0
163,6290a12cce99b40019ac78a2,semangat,group: semangat - instance: SEKDIN - created: 2022-05-27T17:00:10.511145,True,SEKDIN,2022-05-27 10:00:12.562,2022-05-27 10:00:12.562,0
164,628c58e6ce99b40019ac7759,stan,group: stan - instance: SEKDIN - created: 2022-05-24T11:02:46.715177,True,SEKDIN,2022-05-24 04:02:46.376,2022-05-24 04:02:46.376,0
165,627fb95fce99b40019ac753d,BTW Malang,group: BTW Malang - instance: Sekolah Kedinasan - created: 2022-05-14T21:14:53.189856,True,Sekolah Kedinasan,2022-05-14 14:14:55.150,2022-05-14 14:14:55.150,0
166,627f9f35ce99b40019ac7539,http://goto.smartbtw,group: http://goto.smartbtw - instance: Sekolah Kedinasan - created: 2022-05-14T20:23:50.955536,True,Sekolah Kedinasan,2022-05-14 12:23:17.633,2022-05-14 12:23:17.633,0
167,627f4ec6ce99b40019ac752b,KELAS INTENSIF,group: KELAS INTENSIF - instance: Sekolah Kedinasan - created: 2022-05-14T14:40:04.922769,True,Sekolah Kedinasan,2022-05-14 06:40:06.033,2022-05-14 06:40:06.033,0
168,627e09b7ce99b40019ac7471,bner g ni,group: bner g ni - instance: SEKDIN - created: 2022-05-13T15:33:11.152292,True,SEKDIN,2022-05-13 07:33:11.532,2022-05-13 07:33:11.532,0
169,627cd952ce99b40019ac7444,test123,group: test123 - instance: SEKDIN - created: 2022-05-12T17:54:27.242938,True,SEKDIN,2022-05-12 09:54:26.614,2022-05-12 09:54:26.614,0
170,627cce76ce99b40019ac7441,gkd f,group: gkd f - instance: SEKDIN - created: 2022-05-12T17:08:07.175906,True,SEKDIN,2022-05-12 09:08:06.557,2022-05-12 09:08:06.557,0
171,627cce4ace99b40019ac743f,fks,group: fks - instance: Sekolah Kedinasan - created: 2022-05-12T17:07:22.816015,True,SEKDIN,2022-05-12 09:07:22.219,2022-05-12 09:07:22.219,0
172,627ba841ce99b40019ac737e,BTW Cabang Tegal,group: BTW Cabang Tegal - instance: Sekolah Kedinasan - created: 2022-05-11T19:12:48.845876,True,SEKDIN,2022-05-11 12:12:49.407,2022-05-11 12:12:49.407,0
173,627b9b19ce99b40019ac736f,INTENSIF SAMAPTA SMG,group: INTENSIF SAMAPTA SMG - instance: Sekolah Kedinasan - created: 2022-05-11T18:16:41.340991,True,SEKDIN,2022-05-11 11:16:41.557,2022-05-11 11:16:41.557,0
174,627b7f2ece99b40019ac7365,TNI JAYA,group: TNI JAYA - instance: TNI - created: 2022-05-11T17:17:33.484395,True,TNI,2022-05-11 09:17:34.509,2022-05-11 09:17:34.509,0
175,627b69b1ce99b40019ac7353,POLRI BERSATU,group: POLRI BERSATU - instance: Polri - created: 2022-05-11T15:45:52.395172,True,POLRI,2022-05-11 07:45:53.483,2022-05-11 07:45:53.483,0
176,627b662ece99b40019ac7347,Semangat 45 TNI,group: Semangat 45 TNI - instance: TNI - created: 2022-05-11T15:30:53.347025,True,TNI,2022-05-11 07:30:54.411,2022-05-11 07:30:54.411,0
177,627b4ab4659b3b001a8debd6,Grup Testing Sekdin,group: Grup Testing Sekdin - instance: Sekolah Kedinasan - created: 2022-05-11T13:33:39.554759,True,SEKDIN,2022-05-11 05:33:40.656,2022-05-11 05:33:40.656,0
178,62770271659b3b001a8deb41,Daffa,group: Daffa - instance: Sekolah Kedinasan - created: 2022-05-08T06:36:16.495665,True,SEKDIN,2022-05-07 23:36:17.557,2022-05-07 23:36:17.557,0
179,62667764b6c9fc001a485fca,Siap Salah!!!,group: Siap Salah!!! - instance: Sekolah Kedinasan - created: 2022-04-25T17:26:43.909542,True,SEKDIN,2022-04-25 10:26:44.562,2022-04-25 10:26:44.562,0
180,62648ac3b6c9fc001a485f8a,Persiapan Samapta,group: Persiapan Samapta - instance: Sekolah Kedinasan - created: 2022-04-24T07:24:51.100548,True,SEKDIN,2022-04-23 23:24:51.742,2022-04-23 23:24:51.742,0
181,62559e7bb6c9fc001a485e21,BTW Tegal,group: BTW Tegal - instance: Sekolah Kedinasan - created: 2022-04-12T22:44:58.907206,True,SEKDIN,2022-04-12 15:44:59.400,2022-04-12 15:44:59.400,0
182,62543a28b6c9fc001a485e0a,GO TO TARUNA,group: GO TO TARUNA - instance: Sekolah Kedinasan - created: 2022-04-11T21:24:33.865257,True,SEKDIN,2022-04-11 14:24:40.988,2022-04-11 14:24:40.988,0
183,624afd52e1719b001a7c4181,Intensif B Gianyar,group: Intensif B Gianyar - instance: Sekolah Kedinasan - created: 2022-04-04T22:14:41.919231,True,SEKDIN,2022-04-04 14:14:42.176,2022-04-04 14:14:42.176,0
184,624ac6f1e1719b001a7c416c,Intensif A Gianyar,group: Intensif A Gianyar - instance: Sekolah Kedinasan - created: 2022-04-04T18:22:40.689435,True,SEKDIN,2022-04-04 10:22:41.369,2022-04-04 10:22:41.369,0
185,6239cca7e1719b001a7c3c9e,us,group: us - instance: Sekolah Kedinasan - created: 2022-03-22T20:18:29.967071,True,SEKDIN,2022-03-22 13:18:31.317,2022-03-22 13:18:31.317,0
186,6229c240f3f4b700123e377d,my squidi,group: my squidi - instance: Sekolah Kedinasan - created: 2022-03-10T16:17:49.581057,True,SEKDIN,2022-03-10 09:17:52.027,2022-03-10 09:17:52.027,0
187,6228073df3f4b700123e364e,AKPOL2022,group: AKPOL2022 - instance: TNI - created: 2022-03-09T08:47:39.115867,True,TNI,2022-03-09 01:47:41.097,2022-03-09 01:47:41.097,0
188,62197d9df3f4b700123e3308,.,"Nama grup : ., jenis : SEKDIN",True,SEKDIN,2022-02-26 01:08:45.293,2022-02-26 01:08:45.293,0
189,61ff82bd6782ee001a920b2d,intensif A malang,"Nama grup : intensif A malang, jenis : SEKDIN",True,SEKDIN,2022-02-06 08:11:41.776,2022-02-06 08:11:41.776,0
190,61fa3df0ba55fa001ac3046d,Kesemaptaan Tegal,"Nama grup : Kesemaptaan Tegal, jenis : SEKDIN",True,SEKDIN,2022-02-02 08:16:48.140,2022-02-02 08:16:48.140,0
191,61f39080ba55fa001ac2fd5d,TRYOUT SAMAPTA BALI,"Nama grup : TRYOUT SAMAPTA BALI, jenis : SEKDIN",False,SEKDIN,2022-01-28 06:43:12.240,2022-01-28 06:43:12.240,0
192,61efd79183f28c001a7f0ad2,masuk unhan,"Nama grup : masuk unhan, jenis : SEKDIN",True,SEKDIN,2022-01-25 10:57:21.002,2022-01-25 10:57:21.002,0
193,61e94c49bd0873001248c33b,Kelas E Sanur,"Nama grup : Kelas E Sanur, jenis : SEKDIN",False,SEKDIN,2022-01-20 11:49:29.579,2022-01-20 11:49:29.579,0
194,61dd5568bd0873001248c1ab, Kelas A Rembang,"Nama grup :  Kelas A Rembang, jenis : SEKDIN",True,SEKDIN,2022-01-11 10:01:12.504,2022-01-11 10:01:12.504,0
195,61d27b86bd0873001248bce2,Kelas B Gianyar,"Nama grup : Kelas B Gianyar, jenis : SEKDIN",False,SEKDIN,2022-01-03 04:28:54.405,2022-01-03 04:28:54.405,0
196,61c4682abd0873001248b983,newbie,"Nama grup : newbie, jenis : SEKDIN",True,SEKDIN,2021-12-23 12:14:34.373,2021-12-23 12:14:34.373,0
197,61c0abebbd0873001248b89a,kesamaptaan,"Nama grup : kesamaptaan, jenis : TNI",True,TNI,2021-12-20 16:14:35.235,2021-12-20 16:14:35.235,0
198,61bfefabbd0873001248b84e,Sekdin Reguler B sgr,"Nama grup : Sekdin Reguler B sgr, jenis : SEKDIN",True,SEKDIN,2021-12-20 02:51:23.265,2021-12-20 02:51:23.265,0
199,61b3f643bd0873001248b6ce,MGL_SAMAPTA,"Nama grup : MGL_SAMAPTA, jenis : SEKDIN",True,SEKDIN,2021-12-11 00:52:19.247,2021-12-11 00:52:19.247,0
200,61adc043bd0873001248b539,grup sipencatar 2022,"Nama grup : grup sipencatar 2022, jenis : SEKDIN",True,SEKDIN,2021-12-06 07:48:19.531,2021-12-06 07:48:19.531,0
201,61a86256bd0873001248b33a,Kelas D,"Nama grup : Kelas D, jenis : SEKDIN",False,SEKDIN,2021-12-02 06:06:14.725,2021-12-02 06:06:14.725,0
202,61a46ba4bd0873001248b217,tes ,"Nama grup : tes , jenis : TNI",True,TNI,2021-11-29 05:56:52.349,2021-11-29 05:56:52.349,0
203,61a1c219bd0873001248b1d5,Kelas Reguler A ,"Nama grup : Kelas Reguler A , jenis : SEKDIN",True,SEKDIN,2021-11-27 05:28:57.891,2021-11-27 05:28:57.891,0
204,619df6a2bd0873001248b0a0,BTW LAMPUNG,"Nama grup : BTW LAMPUNG, jenis : SEKDIN",True,SEKDIN,2021-11-24 08:24:02.116,2021-11-24 08:24:02.116,0
205,6194ba8abd0873001248ae2a,Jasmani,"Nama grup : Jasmani, jenis : SEKDIN",True,SEKDIN,2021-11-17 08:17:14.098,2021-11-17 08:17:14.098,0
206,6194ba40b9d6c100192f147b,CALON PRESIDEN,"Nama grup : CALON PRESIDEN, jenis : SEKDIN",True,SEKDIN,2021-11-17 08:16:00.480,2021-11-17 08:16:00.480,0
207,6194ba3db9d6c100192f1479,zzz,"Nama grup : zzz, jenis : SEKDIN",True,SEKDIN,2021-11-17 08:15:57.769,2021-11-17 08:15:57.769,0
208,6194ba08b9d6c100192f1475,CASIS SEKDIN ,"Nama grup : CASIS SEKDIN , jenis : SEKDIN",True,SEKDIN,2021-11-17 08:15:04.768,2021-11-17 08:15:04.768,0
209,6194b9f7bd0873001248ae23,jas,"Nama grup : jas, jenis : SEKDIN",True,SEKDIN,2021-11-17 08:14:47.850,2021-11-17 08:14:47.850,0
210,6194b9babd0873001248ae1e,ciwi,"Nama grup : ciwi, jenis : SEKDIN",True,SEKDIN,2021-11-17 08:13:46.511,2021-11-17 08:13:46.511,0
211,6194b9b6bd0873001248ae1c,grup btw,"Nama grup : grup btw, jenis : SEKDIN",True,SEKDIN,2021-11-17 08:13:42.360,2021-11-17 08:13:42.360,0
212,6194b9b5bd0873001248ae1a,Apa aja,"Nama grup : Apa aja, jenis : SEKDIN",True,SEKDIN,2021-11-17 08:13:41.359,2021-11-17 08:13:41.359,0
213,6194b992bd0873001248ae17,ppp,"Nama grup : ppp, jenis : SEKDIN",True,SEKDIN,2021-11-17 08:13:06.709,2021-11-17 08:13:06.709,0
214,6194b98abd0873001248ae15,A ,"Nama grup : A , jenis : SEKDIN",True,SEKDIN,2021-11-17 08:12:58.805,2021-11-17 08:12:58.805,0
215,6194b513bd0873001248adfa,Jasmani Gianyar,"Nama grup : Jasmani Gianyar, jenis : SEKDIN",True,SEKDIN,2021-11-17 07:53:55.988,2021-11-17 07:53:55.988,0
216,619391f7bd0873001248ad69,the damn young,"Nama grup : the damn young, jenis : SEKDIN",True,SEKDIN,2021-11-16 11:11:51.090,2021-11-16 11:11:51.090,0
217,61920283bd0873001248acff,STTD-PTDI,"Nama grup : STTD-PTDI, jenis : SEKDIN",True,SEKDIN,2021-11-15 06:47:31.176,2021-11-15 06:47:31.176,0
218,618f63cbbd0873001248acc6,Kelas A Gianyar,"Nama grup : Kelas A Gianyar, jenis : SEKDIN",False,SEKDIN,2021-11-13 07:05:47.571,2021-11-13 07:05:47.571,0
219,618f6397bd0873001248acc4,Kelas A Gianyar,"Nama grup : Kelas A Gianyar, jenis : SEKDIN",False,SEKDIN,2021-11-13 07:04:55.483,2021-11-13 07:04:55.483,0
220,618dd7afbd0873001248ac27,btw club,"Nama grup : btw club, jenis : SEKDIN",True,SEKDIN,2021-11-12 02:55:43.042,2021-11-12 02:55:43.042,0
221,6189d901bd0873001248ab81,Kelas A Gianyar,"Nama grup : Kelas A Gianyar, jenis : SEKDIN",False,SEKDIN,2021-11-09 02:12:17.073,2021-11-09 02:12:17.073,0
222,61891f02bd0873001248ab71,Kelas A Mengwi,"Nama grup : Kelas A Mengwi, jenis : SEKDIN",False,SEKDIN,2021-11-08 12:58:42.717,2021-11-08 12:58:42.717,0
223,6184c7652f80fc0018534244,Kelas C,"Nama grup : Kelas C, jenis : SEKDIN",False,SEKDIN,2021-11-05 05:55:49.341,2021-11-05 05:55:49.341,0
224,6184c7502f80fc0018534242,Kelas B,"Nama grup : Kelas B, jenis : SEKDIN",False,SEKDIN,2021-11-05 05:55:28.500,2021-11-05 05:55:28.500,0
225,6182467c2f80fc001853421d,sekolah kedinasan,"Nama grup : sekolah kedinasan, jenis : SEKDIN",True,SEKDIN,2021-11-03 08:21:16.241,2021-11-03 08:21:16.241,0
226,618223072f80fc001853420d,testing,"Nama grup : testing, jenis : SEKDIN",True,SEKDIN,2021-11-03 05:49:59.661,2021-11-03 05:49:59.661,0
227,618121b22f80fc00185341e1,kelas A ,"Nama grup : kelas A , jenis : SEKDIN",False,SEKDIN,2021-11-02 11:32:02.405,2021-11-02 11:32:02.405,0
228,617fc8f32f80fc00185341bb,Sekdin Reguler A Sgr,"Nama grup : Sekdin Reguler A Sgr, jenis : SEKDIN",True,SEKDIN,2021-11-01 11:01:07.699,2021-11-01 11:01:07.699,0
229,6179499369c3c30018d8be72,Binsik,"Nama grup : Binsik, jenis : SEKDIN",True,SEKDIN,2021-10-27 12:44:03.455,2021-10-27 12:44:03.455,0
230,617690ae69c3c30018d8be5e,wyw,"Nama grup : wyw, jenis : SEKDIN",True,SEKDIN,2021-10-25 11:10:38.178,2021-10-25 11:10:38.178,0
231,615ddcb31df2550011f23563,IPDN skuyy,"Nama grup : IPDN skuyy, jenis : SEKDIN",True,SEKDIN,2021-10-06 17:28:19.293,2021-10-06 17:28:19.293,0
232,615dae2c1df2550011f2355f,kedinasan ,"Nama grup : kedinasan , jenis : SEKDIN",True,SEKDIN,2021-10-06 14:09:48.382,2021-10-06 14:09:48.382,0
233,6142f298e6021700180da3e3,2077,"Nama grup : 2077, jenis : POLRI",True,POLRI,2021-09-16 07:30:32.846,2021-09-16 07:30:32.846,0
234,611be468f02721001140ce15,mank kewok,"Nama grup : mank kewok, jenis : SEKDIN",True,SEKDIN,2021-08-17 16:31:36.413,2021-08-17 16:31:36.413,0
235,610bf49df02721001140cca7,tessss,"Nama grup : tessss, jenis : SEKDIN",True,SEKDIN,2021-08-05 14:24:29.982,2021-08-05 14:24:29.982,0
236,60fe571b0ec0b40012aef237,tni,"Nama grup : tni, jenis : TNI",True,TNI,2021-07-26 06:32:59.029,2021-07-26 06:32:59.029,0
237,60fc26b2f62239001149ddfa,tes,"Nama grup : tes, jenis : SEKDIN",True,SEKDIN,2021-07-24 14:41:54.912,2021-07-24 14:41:54.912,0
238,60fc2293f62239001149ddf3,Bina Prestasi,"Nama grup : Bina Prestasi, jenis : SEKDIN",True,SEKDIN,2021-07-24 14:24:19.918,2021-07-24 14:24:19.918,0
239,60fb994df62239001149ddd6,Klompok 5,"Nama grup : Klompok 5, jenis : SEKDIN",False,SEKDIN,2021-07-24 04:38:37.525,2021-07-24 04:38:37.525,0
240,60ea9bc5f62239001149dc37,smapta cpns,"Nama grup : smapta cpns, jenis : SEKDIN",True,SEKDIN,2021-07-11 07:20:37.493,2021-07-11 07:20:37.493,0
241,60e7277af62239001149dc01,stan,"Nama grup : stan, jenis : SEKDIN",True,SEKDIN,2021-07-08 16:27:38.519,2021-07-08 16:27:38.519,0
242,60dc4a5a169de70011663156,Cinta Damai,"Nama grup : Cinta Damai, jenis : SEKDIN",True,SEKDIN,2021-06-30 10:41:30.089,2021-06-30 10:41:30.089,0
243,60d046acbebdc5001811aeb1,nbgvbu,"Nama grup : nbgvbu, jenis : SEKDIN",True,SEKDIN,2021-06-21 07:58:36.617,2021-06-21 07:58:36.617,0
244,60c9ef9cbebdc5001811ae3c,2021,"Nama grup : 2021, jenis : SEKDIN",True,SEKDIN,2021-06-16 12:33:32.891,2021-06-16 12:33:32.891,0
245,60c41560bebdc5001811adcd,haloo,"Nama grup : haloo, jenis : SEKDIN",True,SEKDIN,2021-06-12 02:01:04.248,2021-06-12 02:01:04.248,0
246,60bbb020cc61290011836123,SAMAPTA IPDN,"Nama grup : SAMAPTA IPDN, jenis : SEKDIN",True,SEKDIN,2021-06-05 17:10:56.515,2021-06-05 17:10:56.515,0
247,60b6312bcc61290011836081,POLTEKIM,"Nama grup : POLTEKIM, jenis : SEKDIN",True,SEKDIN,2021-06-01 13:07:55.855,2021-06-01 13:07:55.855,0
248,60b20eb3cc61290011836002,sipencatar ,"Nama grup : sipencatar , jenis : SEKDIN",True,SEKDIN,2021-05-29 09:51:47.990,2021-05-29 09:51:47.990,0
249,60b06ec1cc61290011835fd3,Wallaca Physical DEV,"Nama grup : Wallaca Physical DEV, jenis : SEKDIN",True,SEKDIN,2021-05-28 04:17:05.160,2021-05-28 04:17:05.160,0
250,60b03d97cc61290011835fca,llosptk,"Nama grup : llosptk, jenis : SEKDIN",True,SEKDIN,2021-05-28 00:47:19.424,2021-05-28 00:47:19.424,0
251,60ae5c40cc61290011835fa2,ðŸ§Ÿ,"Nama grup : ðŸ§Ÿ, jenis : SEKDIN",True,SEKDIN,2021-05-26 14:33:36.990,2021-05-26 14:33:36.990,0
252,60ac5787cc61290011835f5b,abc,"Nama grup : abc, jenis : SEKDIN",True,SEKDIN,2021-05-25 01:48:55.236,2021-05-25 01:48:55.236,0
253,60aadbe8cc61290011835f38,grup eek,"Nama grup : grup eek, jenis : SEKDIN",True,SEKDIN,2021-05-23 22:49:12.812,2021-05-23 22:49:12.812,0
254,60a95740cc61290011835f05,tni yes,"Nama grup : tni yes, jenis : TNI",True,TNI,2021-05-22 19:10:56.618,2021-05-22 19:10:56.618,0
255,60a7e690cc61290011835eeb,GASPOL,"Nama grup : GASPOL, jenis : SEKDIN",True,SEKDIN,2021-05-21 16:57:52.958,2021-05-21 16:57:52.958,0
256,60a470d9cc61290011835e78,CASIS TNI MA/TI/BU,"Nama grup : CASIS TNI MA/TI/BU, jenis : TNI",True,TNI,2021-05-19 01:58:49.561,2021-05-19 01:58:49.561,0
257,608d2a72cc61290011835ca5,hdhra,"Nama grup : hdhra, jenis : TNI",True,TNI,2021-05-01 10:16:18.227,2021-05-01 10:16:18.227,0
258,608c0457cc61290011835c8a,HAHA,"Nama grup : HAHA, jenis : TNI",True,TNI,2021-04-30 13:21:27.066,2021-04-30 13:21:27.066,0
259,6089d100cc61290011835c55,r&y,"Nama grup : r&y, jenis : SEKDIN",True,SEKDIN,2021-04-28 21:17:52.201,2021-04-28 21:17:52.201,0
260,60892ca6cc61290011835c3d,sempata sekdin,"Nama grup : sempata sekdin, jenis : SEKDIN",True,SEKDIN,2021-04-28 09:36:38.832,2021-04-28 09:36:38.832,0
261,6088effecc61290011835c23,sekolah kedinasan,"Nama grup : sekolah kedinasan, jenis : SEKDIN",True,SEKDIN,2021-04-28 05:17:50.948,2021-04-28 05:17:50.948,0
262,6088121fcc61290011835c0c,bismillah ,"Nama grup : bismillah , jenis : SEKDIN",True,SEKDIN,2021-04-27 13:31:11.965,2021-04-27 13:31:11.965,0
263,60837bf4cc61290011835b7e,pejuang dinas,"Nama grup : pejuang dinas, jenis : SEKDIN",True,SEKDIN,2021-04-24 02:01:24.330,2021-04-24 02:01:24.330,0
264,607fe3e3cc61290011835afa,Smapta 2021,"Nama grup : Smapta 2021, jenis : SEKDIN",True,SEKDIN,2021-04-21 08:35:47.679,2021-04-21 08:35:47.679,0
265,607eb228cc61290011835ad1,SAMAPTA IPDN,"Nama grup : SAMAPTA IPDN, jenis : SEKDIN",True,SEKDIN,2021-04-20 10:51:20.471,2021-04-20 10:51:20.471,0
266,607e12e1cc61290011835ab1,harta paling berharga,"Nama grup : harta paling berharga, jenis : SEKDIN",True,SEKDIN,2021-04-19 23:31:45.831,2021-04-19 23:31:45.831,0
267,607d64ffcc61290011835a9f,booze,"Nama grup : booze, jenis : TNI",True,TNI,2021-04-19 11:09:51.617,2021-04-19 11:09:51.617,0
268,60791c80cc61290011835a06,latihan skd,"Nama grup : latihan skd, jenis : SEKDIN",True,SEKDIN,2021-04-16 05:11:28.244,2021-04-16 05:11:28.244,0
269,607830d0cc612900118359dd,yy,"Nama grup : yy, jenis : SEKDIN",True,SEKDIN,2021-04-15 12:25:52.316,2021-04-15 12:25:52.316,0
270,60767c24cc6129001183598c,Kesemaptaan,"Nama grup : Kesemaptaan, jenis : SEKDIN",True,SEKDIN,2021-04-14 05:22:44.685,2021-04-14 05:22:44.685,0
271,607621fbcc6129001183597c,32,"Nama grup : 32, jenis : SEKDIN",True,SEKDIN,2021-04-13 22:58:03.994,2021-04-13 22:58:03.994,0
272,6075b87ccc6129001183596e,casis tni 2021,"Nama grup : casis tni 2021, jenis : TNI",True,TNI,2021-04-13 15:27:56.698,2021-04-13 15:27:56.698,0
273,60744043730f110012c69a67,tesvdjfv,"Nama grup : tesvdjfv, jenis : SEKDIN",True,SEKDIN,2021-04-12 12:42:43.893,2021-04-12 12:42:43.893,0
274,60744033730f110012c69a65,ueu,"Nama grup : ueu, jenis : POLRI",True,POLRI,2021-04-12 12:42:27.236,2021-04-12 12:42:27.236,0
275,607411e2f99e7d0011d61c82,ggg,"Nama grup : ggg, jenis : TNI",True,TNI,2021-04-12 09:24:50.384,2021-04-12 09:24:50.384,0
276,6074101df99e7d0011d61c80,Smackdown,"Nama grup : Smackdown, jenis : SEKDIN",True,SEKDIN,2021-04-12 09:17:17.876,2021-04-12 09:17:17.876,0
277,60740966f99e7d0011d61c77,Hore Hore,"Nama grup : Hore Hore, jenis : SEKDIN",True,SEKDIN,2021-04-12 08:48:38.891,2021-04-12 08:48:38.891,0
278,6074093af99e7d0011d61c71,Sumadi,"Nama grup : Sumadi, jenis : SEKDIN",True,SEKDIN,2021-04-12 08:47:54.052,2021-04-12 08:47:54.052,0
279,606ed6d5b215bd0011ba6a95,grup polis,"Nama grup : grup polis, jenis : POLRI",True,POLRI,2021-04-08 10:11:33.175,2021-04-08 10:11:33.175,0
280,606ed192b215bd0011ba6a85,group baru,"Nama grup : group baru, jenis : POLRI",True,POLRI,2021-04-08 09:49:06.064,2021-04-08 09:49:06.064,0
281,606d42b3b215bd0011ba6a55,polri tes,"Nama grup : polri tes, jenis : POLRI",True,POLRI,2021-04-07 05:27:15.961,2021-04-07 05:27:15.961,0
282,606d031db215bd0011ba6a44,group polri,"Nama grup : group polri, jenis : POLRI",True,POLRI,2021-04-07 00:55:57.077,2021-04-07 00:55:57.077,0
283,60632b61d669bc0011b9f95c,lulus 2021,"Nama grup : lulus 2021, jenis : SEKDIN",True,SEKDIN,2021-03-30 13:45:05.347,2021-03-30 13:45:05.347,0
284,60629b38d669bc0011b9f932,LULUS SAMAPTA 2021,"Nama grup : LULUS SAMAPTA 2021, jenis : SEKDIN",True,SEKDIN,2021-03-30 03:30:00.079,2021-03-30 03:30:00.079,0
285,6061adbdd669bc0011b9f91c,1 tes,"Nama grup : 1 tes, jenis : SEKDIN",True,SEKDIN,2021-03-29 10:36:45.917,2021-03-29 10:36:45.917,0
286,60605d07d669bc0011b9f917,Grup,"Nama grup : Grup, jenis : SEKDIN",True,SEKDIN,2021-03-28 10:40:07.412,2021-03-28 10:40:07.412,0
